checked_at_utc,queue_id,e2_seed_id,title,url,method,status_code,ok,final_url,content_type,error
2026-06-07T19:29:29.767932+00:00,E2Q-001,E2S-001,Reportable bundle,,,,0,,,no public URL candidate
2026-06-07T19:29:29.767932+00:00,E2Q-002,E2S-002,H2 output-cloud geometry,,,,0,,,no public URL candidate
2026-06-07T19:29:29.767932+00:00,E2Q-003,E2S-003,SD/CelebA img2img portability,,,,0,,,no public URL candidate
2026-06-07T19:29:29.767932+00:00,E2Q-004,E2S-004,CLiD official inter-output,https://github.com/zhaisf/CLiD,HEAD,206,1,https://github.com/zhaisf/CLiD,text/html; charset=utf-8,
2026-06-07T19:29:29.767932+00:00,E2Q-005,E2S-005,Tracing the Roots,https://openreview.net/forum?id=mE74JKHTCE,HEAD,200,1,https://openreview.net/forum?id=mE74JKHTCE,text/html; charset=utf-8,
2026-06-07T19:29:29.767932+00:00,E2Q-005,E2S-005,Tracing the Roots,https://openreview.net/attachment?id=mE74JKHTCE&name=supplementary_material,HEAD,200,1,https://openreview.net/attachment?id=mE74JKHTCE&name=supplementary_material,application/zip,
2026-06-07T19:29:29.767932+00:00,E2Q-006,E2S-006,CopyMark official score artifacts,https://github.com/caradryanl/CopyMark,HEAD,206,1,https://github.com/caradryanl/CopyMark,text/html; charset=utf-8,
2026-06-07T19:29:29.767932+00:00,E2Q-007,E2S-007,ReDiffuse STL-10 scout,,,,0,,,no public URL candidate
2026-06-07T19:29:29.767932+00:00,E2Q-008,E2S-008,CommonCanvas response packet,,,,0,,,no public URL candidate
2026-06-07T19:29:29.767932+00:00,E2Q-009,E2S-009,MIDST Blending++,https://github.com/CRCHUM-CITADEL/ensemble-mia,HEAD,206,1,https://github.com/CRCHUM-CITADEL/ensemble-mia,text/html; charset=utf-8,
2026-06-07T19:29:29.767932+00:00,E2Q-010,E2S-010,Separately supplied SD ReDiffuse,,,,0,,,no public URL candidate
2026-06-07T19:29:29.767932+00:00,E2Q-011,E2S-011,Quantile/SecMI public packet,https://github.com/neilkale/quantile-diffusion-mia,HEAD,206,1,https://github.com/neilkale/quantile-diffusion-mia,text/html; charset=utf-8,
2026-06-07T19:29:29.767932+00:00,E2Q-012,E2S-020,Model Will Tell / DRC,https://arxiv.org/abs/2403.08487v1,HEAD,200,1,https://arxiv.org/abs/2403.08487v1,text/html; charset=utf-8,
2026-06-07T19:29:29.767932+00:00,E2Q-016,E2S-030,Towards More Realistic Membership Inference Attacks on Large Diffusion Models,https://arxiv.org/abs/2306.12983,HEAD,200,1,https://arxiv.org/abs/2306.12983,text/html; charset=utf-8,
2026-06-07T19:29:29.767932+00:00,E2Q-017,E2S-032,Membership Inference of Diffusion Models,https://arxiv.org/abs/2301.09956,HEAD,200,1,https://arxiv.org/abs/2301.09956,text/html; charset=utf-8,
2026-06-07T19:29:29.767932+00:00,E2Q-018,E2S-033,Are Diffusion Models Vulnerable to Membership Inference Attacks?,https://arxiv.org/abs/2302.01316,HEAD,200,1,https://arxiv.org/abs/2302.01316,text/html; charset=utf-8,
2026-06-07T19:29:29.767932+00:00,E2Q-019,E2S-037,Privacy Threats in Stable Diffusion Models,https://arxiv.org/abs/2311.09355,HEAD,200,1,https://arxiv.org/abs/2311.09355,text/html; charset=utf-8,
2026-06-07T19:29:29.767932+00:00,E2Q-023,E2S-050,Towards More Realistic Membership Inference Attacks on Large Diffusion Models,https://openreview.net/forum?id=CzsDfLrcTs,HEAD,200,1,https://openreview.net/forum?id=CzsDfLrcTs,text/html; charset=utf-8,
2026-06-07T19:29:29.767932+00:00,E2Q-023,E2S-050,Towards More Realistic Membership Inference Attacks on Large Diffusion Models,https://openreview.net/forum?id=iBRAvbVjPd,HEAD,200,1,https://openreview.net/forum?id=iBRAvbVjPd,text/html; charset=utf-8,
2026-06-07T19:29:29.767932+00:00,E2Q-023,E2S-050,Towards More Realistic Membership Inference Attacks on Large Diffusion Models,https://openreview.net/forum?id=BYiX0cogWH,HEAD,200,1,https://openreview.net/forum?id=BYiX0cogWH,text/html; charset=utf-8,
2026-06-07T19:29:29.767932+00:00,E2Q-023,E2S-050,Towards More Realistic Membership Inference Attacks on Large Diffusion Models,https://openreview.net/forum?id=Pmkt85RIbs,HEAD,200,1,https://openreview.net/forum?id=Pmkt85RIbs,text/html; charset=utf-8,
